n,tiempo,suma_aprox
100,1.0794989066198468e-05,9990
500,5.286300438456237e-05,9986
1000,9.643399971537292e-05,9998
2000,0.00024158100131899118,9999
5000,0.0007657550013391301,10000
10000,0.001260702993022278,10000
20000,0.002893031996791251,10000
50000,0.009478555002715439,10000
100000,0.019444684992777184,10000
